Inventory columns are filtered by your list filter: Shipping Method per row (inventory cropped to each row's shipping-from warehouse),,,,,,,,,,,,,,,,,,,,,,,,,,
Product Title,Product Image,SKU,Specification,Shipping From,Inventory,Available Inventory,CJ Inventory (Total),Factory Inventory (Total),My Inventory (Total),China Warehouse-CJ Inventory (Total),US Warehouse-CJ Inventory (Total),Spain Warehouse-CJ Inventory (Total),US Warehouse-verified-Factory Inventory,China Warehouse-unVerified-Factory Inventory,Product Base Price ($),Shipping Fee ($),Total Cost ($),Added Time,Price Updated,Price Change,Price Update Time,SKU Dimensions (mm),SKU Weight (g),SKU Packing Weight (g),Pickup Supported,Product Status
Makeup box make-up set,https://cf.cjdropshipping.com/20190417/140005871899.png,CJBJHZCZ00186-50ml,50ml,CN,14363,14363,0,14363,0,0,0,0,0,14363,2.23,0,2.23,1786727823421,No,--,--,200*100*30,254,290,Yes,On Sale
PHOFAY Ultra-Glossy Lip Gloss Nude Lipliner Kit,https://cf.cjdropshipping.com/17312832/1855823793000550400.jpg,CJKH219064201AZ,01 Set,CN,14699,14699,0,14699,0,0,0,0,0,14699,9.700,0,9.70,1786726679441,No,--,--,200*120*50,150,150,Yes,On Sale
Beauty Salon Use Wet And Dry Powder Puff,https://cf.cjdropshipping.com/quick/product/7d846f25-bd0f-4c6a-be18-03fe6b6c62c2.jpg,CJMB205930201AZ,Skin Color,CN,14471,14471,0,14471,0,0,0,0,0,14471,0.86,0,0.86,1786727954895,No,--,--,100*100*30,3,13,Yes,On Sale
Beauty Salon Use Wet And Dry Powder Puff,https://cf.cjdropshipping.com/quick/product/3d4bbbf7-a503-4579-b3df-423c44bc41bb.jpg,CJMB205930202BY,Blue,CN,13105,13105,0,13105,0,0,0,0,0,13105,0.86,0,0.86,1786727954895,No,--,--,100*100*30,3,13,Yes,On Sale
Beauty Salon Use Wet And Dry Powder Puff,https://cf.cjdropshipping.com/quick/product/a89c5bf5-9d74-4f21-9aa5-871a8401670c.jpg,CJMB205930203CX,Pink,CN,14701,14701,0,14701,0,0,0,0,0,14701,0.86,0,0.86,1786727954895,No,--,--,100*100*30,3,13,Yes,On Sale
Beauty Salon Use Wet And Dry Powder Puff,https://cf.cjdropshipping.com/quick/product/9c9ca964-8ee8-4ed5-9aee-18c7eefc1bc1.jpg,CJMB205930204DW,Green,CN,14344,14344,0,14344,0,0,0,0,0,14344,0.87,0,0.87,1786727954895,No,--,--,100*100*30,3,13,Yes,On Sale
Beauty Salon Use Wet And Dry Powder Puff,https://cf.cjdropshipping.com/quick/product/5cd8c08e-21e6-48cf-be44-aaac56a50e14.jpg,CJMB205930205EV,Brown,CN,12872,12872,0,12872,0,0,0,0,0,12872,0.87,0,0.87,1786727954895,No,--,--,100*100*30,3,13,Yes,On Sale
Nownoon Collagen Retinol Hyaluronic Acid Cream,https://oss-cf.cjdropshipping.com/product/2026/04/11/06/401e5e11-336b-47cc-95db-198344dec958.jpg,CJYD205312301AZ,55ml,CN,12885,12885,1072,11813,0,1072,0,0,0,11813,2.19,0,2.19,1786728114990,No,--,--,120*100*100,164,187,Yes,On Sale
Waterproof And Smooth Not Smudge Four-fork Liquid Eyebrow Pencil,https://cf.cjdropshipping.com/quick/product/d5daa131-a997-48db-86dd-c2323b0f5cfe.jpg,CJYD203032401AZ,No1 Light Brown,CN,12952,12952,0,12952,0,0,0,0,0,12952,1.51,0,1.51,1786728070091,No,--,--,140*50*30,16,34,Yes,On Sale
Waterproof And Smooth Not Smudge Four-fork Liquid Eyebrow Pencil,https://cf.cjdropshipping.com/quick/product/2da0f46b-baa2-4152-9f5a-a102da61c548.jpg,CJYD203032402BY,NO2 Dark Coffee,CN,12260,12260,44,12216,0,44,0,0,0,12216,1.51,0,1.51,1786728070091,No,--,--,140*50*30,16,34,Yes,On Sale
Waterproof And Smooth Not Smudge Four-fork Liquid Eyebrow Pencil,https://oss-cf.cjdropshipping.com/product/2026/04/15/06/03ba4fc6-881a-44f2-98bf-c5b4477daf01.jpg,CJYD203032403CX,No3 Gray,CN,13162,13162,0,13162,0,0,0,0,0,13162,1.51,0,1.51,1786728070091,No,--,--,140*50*30,16,34,Yes,On Sale
Waterproof And Smooth Not Smudge Four-fork Liquid Eyebrow Pencil,https://cf.cjdropshipping.com/quick/product/e01b7859-8ca3-424d-a783-66d74e47b6b7.jpg,CJYD203032404DW,No4 Black,CN,13370,13370,0,13370,0,0,0,0,0,13370,1.51,0,1.51,1786728070091,No,--,--,140*50*30,16,34,Yes,On Sale
Waterproof And Smooth Not Smudge Four-fork Liquid Eyebrow Pencil,https://oss-cf.cjdropshipping.com/product/2026/04/17/09/3e09b0c6-d321-4cad-b967-34847915b327.jpg,CJYD203032405EV,Set1,CN,6518,6518,0,6518,0,0,0,0,0,6518,3.02,0,3.02,1786728070091,No,--,--,140*50*60,28,58,Yes,On Sale
Waterproof And Smooth Not Smudge Four-fork Liquid Eyebrow Pencil,https://oss-cf.cjdropshipping.com/product/2026/04/17/09/94f2af4d-95e2-4ba3-9203-d088a03c1def.jpg,CJYD203032406FU,Set2,CN,6663,6663,0,6663,0,0,0,0,0,6663,3.02,0,3.02,1786728070091,No,--,--,140*50*60,28,58,Yes,On Sale
Waterproof And Smooth Not Smudge Four-fork Liquid Eyebrow Pencil,https://oss-cf.cjdropshipping.com/product/2026/04/17/09/1f4344d8-1b61-459b-9a96-5b80ac52a358.jpg,CJYD203032407GT,Set3,CN,9535,9535,0,9535,0,0,0,0,0,9535,3.02,0,3.02,1786728070091,No,--,--,140*50*60,28,58,Yes,On Sale
Waterproof And Smooth Not Smudge Four-fork Liquid Eyebrow Pencil,https://oss-cf.cjdropshipping.com/product/2026/04/17/09/60a34eaa-121f-45c2-9302-f48014ff2a19.jpg,CJYD203032408HS,Set4,CN,5975,5975,0,5975,0,0,0,0,0,5975,3.02,0,3.02,1786728070091,No,--,--,140*50*60,28,58,Yes,On Sale
Waterproof And Smooth Not Smudge Four-fork Liquid Eyebrow Pencil,https://oss-cf.cjdropshipping.com/product/2026/04/17/09/ad5059ab-3cb9-402a-8466-a999e92d60ab.jpg,CJYD203032409IR,Set5,CN,5954,5954,0,5954,0,0,0,0,0,5954,3.02,0,3.02,1786728070091,No,--,--,140*50*60,28,58,Yes,On Sale
Waterproof And Smooth Not Smudge Four-fork Liquid Eyebrow Pencil,https://oss-cf.cjdropshipping.com/product/2026/04/17/09/5e04ecb5-c112-4506-980c-b09a7dbe3e35.jpg,CJYD203032410JQ,Set6,CN,5840,5840,0,5840,0,0,0,0,0,5840,3.02,0,3.02,1786728070091,No,--,--,140*50*60,28,58,Yes,On Sale
Waterproof And Smooth Not Smudge Four-fork Liquid Eyebrow Pencil,https://oss-cf.cjdropshipping.com/product/2026/04/18/03/7cd1e700-b605-4701-80b6-9a526c5047e2.jpg,CJYD203032411KP,NO5 Brown,CN,9179,9179,5,9174,0,5,0,0,0,9174,1.51,0,1.51,1786728070091,No,--,--,140*50*30,16,34,Yes,On Sale
Waterproof And Smooth Not Smudge Four-fork Liquid Eyebrow Pencil,https://oss-cf.cjdropshipping.com/product/2026/04/18/03/c5286af0-2734-4c89-8e84-82af7839ed01.jpg,CJYD203032412LO,NO6 Black Brown,CN,6214,6214,1,6213,0,1,0,0,0,6213,1.51,0,1.51,1786728070091,No,--,--,140*50*30,16,34,Yes,On Sale
Waterproof And Smooth Not Smudge Four-fork Liquid Eyebrow Pencil,https://oss-cf.cjdropshipping.com/product/2026/04/19/09/e1c1c1cd-4578-4e39-a9ce-f3edd3baad44.jpg,CJYD203032413MN,Set7,CN,7858,7858,0,7858,0,0,0,0,0,7858,3.02,0,3.02,1786728070091,No,--,--,150*80*50,28,58,Yes,On Sale
Waterproof And Smooth Not Smudge Four-fork Liquid Eyebrow Pencil,https://oss-cf.cjdropshipping.com/product/2026/04/19/09/4c701ba7-7d21-4b9f-8b99-caa7a9a9a9cd.jpg,CJYD203032414NM,Set8,CN,6192,6192,0,6192,0,0,0,0,0,6192,3.02,0,3.02,1786728070091,No,--,--,150*80*50,28,58,Yes,On Sale
Waterproof And Smooth Not Smudge Four-fork Liquid Eyebrow Pencil,https://oss-cf.cjdropshipping.com/product/2026/04/19/09/c2863082-5bce-4481-954d-d06eb529bd5b.jpg,CJYD203032415OL,Set9,CN,5427,5427,0,5427,0,0,0,0,0,5427,3.02,0,3.02,1786728070091,No,--,--,150*80*50,28,58,Yes,On Sale
Waterproof And Smooth Not Smudge Four-fork Liquid Eyebrow Pencil,https://oss-cf.cjdropshipping.com/product/2026/04/19/09/a9ed96d1-c2f0-41ee-a7b6-902f3a611403.jpg,CJYD203032416PK,Set10,CN,9370,9370,0,9370,0,0,0,0,0,9370,3.02,0,3.02,1786728070091,No,--,--,150*80*50,28,58,Yes,On Sale
Waterproof And Smooth Not Smudge Four-fork Liquid Eyebrow Pencil,https://oss-cf.cjdropshipping.com/product/2026/04/19/09/4734ac8a-a43f-4006-8e93-0ebf69d8e50d.jpg,CJYD203032417QJ,Set11,CN,7545,7545,0,7545,0,0,0,0,0,7545,3.02,0,3.02,1786728070091,No,--,--,150*80*50,28,58,Yes,On Sale
Waterproof And Smooth Not Smudge Four-fork Liquid Eyebrow Pencil,https://oss-cf.cjdropshipping.com/product/2026/04/19/09/863a97cf-5ad1-4d9b-83f8-41fa12cf9e6f.jpg,CJYD203032418RI,Set12,CN,5861,5861,0,5861,0,0,0,0,0,5861,3.02,0,3.02,1786728070091,No,--,--,150*50*60,28,58,Yes,On Sale
Waterproof And Smooth Not Smudge Four-fork Liquid Eyebrow Pencil,https://oss-cf.cjdropshipping.com/product/2026/04/19/09/faf85114-f9a3-41e4-97de-889ecb161658.jpg,CJYD203032419SH,Set13,CN,6268,6268,0,6268,0,0,0,0,0,6268,3.02,0,3.02,1786728070091,No,--,--,150*50*60,28,58,Yes,On Sale
Waterproof And Smooth Not Smudge Four-fork Liquid Eyebrow Pencil,https://oss-cf.cjdropshipping.com/product/2026/04/19/09/ca9f4ed7-85e9-42e9-8473-f5dad69e5ca1.jpg,CJYD203032420TG,Set14,CN,6254,6254,0,6254,0,0,0,0,0,6254,3.02,0,3.02,1786728070091,No,--,--,150*50*60,28,58,Yes,On Sale
Waterproof And Smooth Not Smudge Four-fork Liquid Eyebrow Pencil,https://oss-cf.cjdropshipping.com/product/2026/04/19/09/04e0f0c9-2629-46e0-a1dc-989aae662311.jpg,CJYD203032421UF,Set15,CN,8993,8993,0,8993,0,0,0,0,0,8993,3.02,0,3.02,1786728070091,No,--,--,150*50*60,28,58,Yes,On Sale
Waterproof And Smooth Not Smudge Four-fork Liquid Eyebrow Pencil,https://oss-cf.cjdropshipping.com/product/2026/04/19/09/a51761f6-d7a9-4891-beae-9473d9a73ae0.jpg,CJYD203032422VE,Set16,CN,6813,6813,0,6813,0,0,0,0,0,6813,3.02,0,3.02,1786728070091,No,--,--,140*50*60,28,58,Yes,On Sale
Waterproof And Smooth Not Smudge Four-fork Liquid Eyebrow Pencil,https://oss-cf.cjdropshipping.com/product/2026/04/19/09/7622c213-6eef-4097-98ce-a8f17856c30e.jpg,CJYD203032423WD,Set17,CN,7167,7167,0,7167,0,0,0,0,0,7167,3.02,0,3.02,1786728070091,No,--,--,140*50*60,28,58,Yes,On Sale
Waterproof And Smooth Not Smudge Four-fork Liquid Eyebrow Pencil,https://oss-cf.cjdropshipping.com/product/2026/04/19/09/9846a2f1-67c2-4497-96a0-2bc9652370ee.jpg,CJYD203032424XC,Set18,CN,7533,7533,0,7533,0,0,0,0,0,7533,3.02,0,3.02,1786728070091,No,--,--,140*50*60,28,58,Yes,On Sale
Waterproof And Smooth Not Smudge Four-fork Liquid Eyebrow Pencil,https://oss-cf.cjdropshipping.com/product/2026/04/19/09/c943d6c5-af49-4193-97db-decd1628bbdd.jpg,CJYD203032425YB,Set19,CN,9458,9458,0,9458,0,0,0,0,0,9458,3.02,0,3.02,1786728070091,No,--,--,140*50*60,28,58,Yes,On Sale
Waterproof And Smooth Not Smudge Four-fork Liquid Eyebrow Pencil,https://oss-cf.cjdropshipping.com/product/2026/04/19/09/aa051a1f-bfad-4d72-8906-80b5f378dbf4.jpg,CJYD203032426ZA,Set20,CN,5139,5139,0,5139,0,0,0,0,0,5139,3.02,0,3.02,1786728070091,No,--,--,140*50*60,28,58,Yes,On Sale
Waterproof And Smooth Not Smudge Four-fork Liquid Eyebrow Pencil,https://oss-cf.cjdropshipping.com/product/2026/04/19/09/0b2f7d96-ccf4-4630-9110-392092867710.jpg,CJYD203032427AZ,Set21,CN,9269,9269,0,9269,0,0,0,0,0,9269,3.02,0,3.02,1786728070091,No,--,--,140*50*60,28,58,Yes,On Sale
Waterproof And Smooth Not Smudge Four-fork Liquid Eyebrow Pencil,https://oss-cf.cjdropshipping.com/product/2026/05/14/10/cdedf711-9621-477e-8826-46e277433866.jpg,CJYD203032428BY,No1 2pcs,CN,8717,8717,0,8717,0,0,0,0,0,8717,2.74,0,2.74,1786728070091,No,--,--,140*100*30,32,68,Yes,On Sale
Waterproof And Smooth Not Smudge Four-fork Liquid Eyebrow Pencil,https://oss-cf.cjdropshipping.com/product/2026/05/14/10/4eb391a6-b8d0-43cf-b67f-f66823692ef8.jpg,CJYD203032429CX,No2 2pcs,CN,8080,8080,0,8080,0,0,0,0,0,8080,2.74,0,2.74,1786728070091,No,--,--,140*100*30,32,68,Yes,On Sale
Waterproof And Smooth Not Smudge Four-fork Liquid Eyebrow Pencil,https://oss-cf.cjdropshipping.com/product/2026/05/14/10/4b948572-8198-4a90-badb-5656f0552bcc.jpg,CJYD203032430DW,No3 2pcs,CN,9759,9759,0,9759,0,0,0,0,0,9759,2.74,0,2.74,1786728070091,No,--,--,140*100*30,32,68,Yes,On Sale
Waterproof And Smooth Not Smudge Four-fork Liquid Eyebrow Pencil,https://oss-cf.cjdropshipping.com/product/2026/05/14/10/3d960df4-7b55-4472-b7e2-29800049c809.jpg,CJYD203032431EV,No4 2pcs,CN,7956,7956,0,7956,0,0,0,0,0,7956,2.74,0,2.74,1786728070091,No,--,--,140*100*30,32,68,Yes,On Sale
Waterproof And Smooth Not Smudge Four-fork Liquid Eyebrow Pencil,https://oss-cf.cjdropshipping.com/product/2026/05/14/10/23a7c30b-e5fa-41c9-a5fa-37ccdbe2943a.jpg,CJYD203032432FU,No5 2pcs,CN,8994,8994,0,8994,0,0,0,0,0,8994,2.74,0,2.74,1786728070091,No,--,--,140*100*30,32,68,Yes,On Sale
Waterproof And Smooth Not Smudge Four-fork Liquid Eyebrow Pencil,https://oss-cf.cjdropshipping.com/product/2026/05/14/10/2e67cdb1-0b51-49de-90b9-583c6d1122a2.jpg,CJYD203032433GT,No6 2pcs,CN,8590,8590,0,8590,0,0,0,0,0,8590,2.74,0,2.74,1786728070091,No,--,--,140*100*30,32,68,Yes,On Sale
Trilogy False Cat Ears Lower Eyelashes Segmented,https://oss-cf.cjdropshipping.com/product/2024/06/13/03/1ed755b2-ed15-414d-baa6-a94489ec7111_trans.jpeg,CJYD205933301AZ,01 Lazy Feather Fan,CN,12460,12460,0,12460,0,0,0,0,0,12460,1.05,0,1.05,1786727988551,No,--,--,150*100*30,22,42,Yes,On Sale
Trilogy False Cat Ears Lower Eyelashes Segmented,https://oss-cf.cjdropshipping.com/product/2024/06/13/03/1b6e75ab-3f65-4393-8810-11af1cef83ed_trans.jpeg,CJYD205933302BY,02 Trilogy,CN,13829,13829,0,13829,0,0,0,0,0,13829,1.05,0,1.05,1786727988551,No,--,--,150*100*30,22,42,Yes,On Sale
Trilogy False Cat Ears Lower Eyelashes Segmented,https://oss-cf.cjdropshipping.com/product/2024/06/13/03/a7ff7f95-99f1-4834-94fc-7f1cb6e4c3db_trans.jpeg,CJYD205933303CX,03 Little Devil Segment,CN,12246,12246,18,12228,0,18,0,0,0,12228,1.15,0,1.15,1786727988551,No,--,--,150*100*30,22,42,Yes,On Sale
Trilogy False Cat Ears Lower Eyelashes Segmented,https://oss-cf.cjdropshipping.com/product/2024/06/13/03/9445476a-d905-46a1-9ebc-23b461c506eb_trans.jpeg,CJYD205933304DW,04 Magnolia Flower Hair,CN,12649,12649,0,12649,0,0,0,0,0,12649,1.05,0,1.05,1786727988551,No,--,--,150*100*30,22,42,Yes,On Sale
Trilogy False Cat Ears Lower Eyelashes Segmented,https://oss-cf.cjdropshipping.com/product/2024/06/13/03/24205c32-f7cf-4483-8913-87016f1e589a_trans.jpeg,CJYD205933305EV,05 Lower Eyelash Fairy,CN,14953,14953,0,14953,0,0,0,0,0,14953,0.90,0,0.90,1786727988551,No,--,--,150*100*30,22,42,Yes,On Sale
Trilogy False Cat Ears Lower Eyelashes Segmented,https://oss-cf.cjdropshipping.com/product/2024/06/13/03/94554b09-fb9a-4712-b21c-2b32fe6caac8_trans.jpeg,CJYD205933306FU,06 Lower Eyelashes Cat Ears,CN,14336,14336,0,14336,0,0,0,0,0,14336,0.90,0,0.90,1786727988551,No,--,--,150*100*30,22,42,Yes,On Sale
Polarized lip gloss,https://cf.cjdropshipping.com/20190704/442479356477.png,CJBJHZKH00125-3 style,3 style,CN,11152,11152,3,11149,0,3,0,0,0,11149,0.81,0,0.81,1786726968627,No,--,--,170*50*50,19,45,Yes,On Sale
Polarized lip gloss,https://cf.cjdropshipping.com/20190704/156800367696.png,CJBJHZKH00125-5 style,5 style,CN,11967,11967,0,11967,0,0,0,0,0,11967,0.78,0,0.78,1786726968627,No,--,--,170*50*50,18,45,Yes,On Sale
Polarized lip gloss,https://cf.cjdropshipping.com/20190704/1947982924481.png,CJBJHZKH00125-1 style,1 style,CN,10746,10746,0,10746,0,0,0,0,0,10746,0.81,0,0.81,1786726968627,No,--,--,170*50*50,18,45,Yes,On Sale
Polarized lip gloss,https://cf.cjdropshipping.com/20190704/4693701836703.png,CJBJHZKH00125-7 style,7 style,CN,10602,10602,4,10598,0,4,0,0,0,10598,0.81,0,0.81,1786726968627,No,--,--,170*50*50,20,45,Yes,On Sale
Polarized lip gloss,https://cf.cjdropshipping.com/20190704/8805158370304.png,CJBJHZKH00125-6 style,6 style,CN,12538,12538,0,12538,0,0,0,0,0,12538,0.78,0,0.78,1786726968627,No,--,--,170*50*50,25,45,Yes,On Sale
Polarized lip gloss,https://cf.cjdropshipping.com/20190704/86433202354.png,CJBJHZKH00125-4 style,4 style,CN,13567,13567,2,13565,0,2,0,0,0,13565,0.81,0,0.81,1786726968627,No,--,--,170*50*50,19,45,Yes,On Sale
PHOFAY Juicy Lip Plump,https://cf.cjdropshipping.com/17520192/1942856721664053248.jpg,CJKH203689501AZ,Random,CN,12634,12634,0,12634,0,0,0,0,0,12634,2.180,0,2.18,1786726959060,No,--,--,120*30*30,18,18,Yes,On Sale
PHOFAY Juicy Lip Plump,https://cf.cjdropshipping.com/f375440d-13b1-4c6e-89da-6637cde69d1f.png,CJKH203689510JQ,Set1,CN,12354,12354,0,12354,0,0,0,0,0,12354,6.540,0,6.54,1786726959060,No,--,--,120*30*30,54,54,Yes,On Sale
PHOFAY Juicy Lip Plump,https://cf.cjdropshipping.com/3aca62dd-9aa0-441a-bcdd-2d180d4238da.png,CJKH203689511KP,Set2,CN,12726,12726,0,12726,0,0,0,0,0,12726,6.540,0,6.54,1786726959060,No,--,--,120*30*30,54,54,Yes,On Sale
PHOFAY Juicy Lip Plump,https://cf.cjdropshipping.com/25e30e04-9b9d-466e-9b8e-3421f047b634.png,CJKH203689512LO,Set3,CN,13537,13537,0,13537,0,0,0,0,0,13537,4.360,0,4.36,1786726959060,No,--,--,120*30*30,36,36,Yes,On Sale
PHOFAY Juicy Lip Plump,https://cf.cjdropshipping.com/cdf3a25a-a11e-4258-8876-04a4a272ae76.jpg,CJKH203689513MN,Set4,CN,12635,12635,0,12635,0,0,0,0,0,12635,17.440,0,17.44,1786726959060,No,--,--,120*30*70,144,144,Yes,On Sale
PHOFAY Juicy Lip Plump,https://cf.cjdropshipping.com/17246304/1827880450815954944.jpg,CJKH203689502BY,01,CN,11476,11476,0,11476,0,0,0,0,0,11476,2.180,0,2.18,1786726959060,No,--,--,120*30*30,18,18,Yes,On Sale
PHOFAY Juicy Lip Plump,https://cf.cjdropshipping.com/17246304/1827880451667398656.jpg,CJKH203689503CX,02,CN,14727,14727,187,14540,0,187,0,0,0,14540,2.180,0,2.18,1786726959060,No,--,--,120*30*30,18,18,Yes,On Sale
PHOFAY Juicy Lip Plump,https://cf.cjdropshipping.com/17246304/1827880453013770240.jpg,CJKH203689504DW,03,CN,14557,14557,885,13672,0,885,0,0,0,13672,2.180,0,2.18,1786726959060,No,--,--,120*30*30,18,18,Yes,On Sale
PHOFAY Juicy Lip Plump,https://cf.cjdropshipping.com/17246304/1827880438551810048.jpg,CJKH203689505EV,04,CN,14631,14631,299,14332,0,299,0,0,0,14332,2.180,0,2.18,1786726959060,No,--,--,120*30*30,18,18,Yes,On Sale
PHOFAY Juicy Lip Plump,https://cf.cjdropshipping.com/17246304/1827880446529376256.jpg,CJKH203689506FU,05,CN,14449,14449,351,14098,0,351,0,0,0,14098,2.180,0,2.18,1786726959060,No,--,--,120*30*30,18,18,Yes,On Sale
PHOFAY Juicy Lip Plump,https://cf.cjdropshipping.com/17246304/1827880447473094656.jpg,CJKH203689507GT,06,CN,13756,13756,354,13402,0,354,0,0,0,13402,2.180,0,2.18,1786726959060,No,--,--,120*30*30,18,18,Yes,On Sale
PHOFAY Juicy Lip Plump,https://cf.cjdropshipping.com/17246304/1827880449259868160.jpg,CJKH203689508HS,07,CN,14747,14747,344,14403,0,344,0,0,0,14403,2.180,0,2.18,1786726959060,No,--,--,120*30*30,18,18,Yes,On Sale
PHOFAY Juicy Lip Plump,https://cf.cjdropshipping.com/17246304/1827880445338193920.jpg,CJKH203689509IR,08,CN,13277,13277,351,12926,0,351,0,0,0,12926,2.180,0,2.18,1786726959060,No,--,--,120*30*30,18,18,Yes,On Sale
Long-lasting Not Easy To Fade Water Light Lip Gloss,https://oss-cf.cjdropshipping.com/product/2024/06/18/03/28835ef9-5376-4e28-9013-87856ec2fd08_trans.jpeg,CJYD206278901AZ,Suit A,CN,10218,10218,0,10218,0,0,0,0,0,10218,1.33,0,1.33,1786727005446,No,--,--,120*100*50,108,128,Yes,On Sale
Long-lasting Not Easy To Fade Water Light Lip Gloss,https://oss-cf.cjdropshipping.com/product/2024/06/18/03/0b0ed6a1-112a-478d-9b60-7a4aaf29f6a6_trans.jpeg,CJYD206278902BY,Suit B,CN,10727,10727,0,10727,0,0,0,0,0,10727,1.33,0,1.33,1786727005446,No,--,--,120*100*50,108,128,Yes,On Sale
Long-lasting Not Easy To Fade Water Light Lip Gloss,https://oss-cf.cjdropshipping.com/product/2024/06/20/05/b738e9c1-0d08-42d3-8be6-b7383dfb708f.jpg,CJYD206278903CX,01color,CN,11175,11175,0,11175,0,0,0,0,0,11175,0.66,0,0.66,1786727005446,No,--,--,120*100*50,30,50,Yes,On Sale
Long-lasting Not Easy To Fade Water Light Lip Gloss,https://oss-cf.cjdropshipping.com/product/2024/06/20/05/15a7a5e8-d877-4943-924f-825fef0e4e08.jpg,CJYD206278904DW,02color,CN,12770,12770,0,12770,0,0,0,0,0,12770,0.66,0,0.66,1786727005446,No,--,--,120*100*50,30,50,Yes,On Sale
Long-lasting Not Easy To Fade Water Light Lip Gloss,https://oss-cf.cjdropshipping.com/product/2024/06/20/05/157b1c69-5002-4555-b7d9-3d1821e0490b.jpg,CJYD206278905EV,03color,CN,10592,10592,0,10592,0,0,0,0,0,10592,0.66,0,0.66,1786727005446,No,--,--,120*100*50,30,50,Yes,On Sale
Long-lasting Not Easy To Fade Water Light Lip Gloss,https://oss-cf.cjdropshipping.com/product/2024/06/20/05/fa486f0b-e371-4ac4-ae61-d406439aa7d6.jpg,CJYD206278906FU,04color,CN,11719,11719,0,11719,0,0,0,0,0,11719,0.66,0,0.66,1786727005446,No,--,--,120*100*50,30,50,Yes,On Sale
Long-lasting Not Easy To Fade Water Light Lip Gloss,https://oss-cf.cjdropshipping.com/product/2024/06/20/05/7d3e2704-8cbd-43ab-8615-6837b673de0d.jpg,CJYD206278907GT,05color,CN,11553,11553,0,11553,0,0,0,0,0,11553,0.66,0,0.66,1786727005446,No,--,--,120*100*50,30,50,Yes,On Sale
Long-lasting Not Easy To Fade Water Light Lip Gloss,https://oss-cf.cjdropshipping.com/product/2024/06/20/05/8edb3ed8-5dff-463b-a84f-d23a3e4dc56e.jpg,CJYD206278908HS,06color,CN,11596,11596,0,11596,0,0,0,0,0,11596,0.66,0,0.66,1786727005446,No,--,--,120*100*50,30,50,Yes,On Sale
New Tube Lip Rich Lip Color Slightly Spicy Lip Honey Lip Glass Mirror Face Lip Mirror Liquid Lipstick,https://cf.cjdropshipping.com/4d8d7a74-079b-44ab-85e3-7fae3eca13a9.jpg,CJYD182368301AZ,1color,CN,10869,10869,1,10868,0,1,0,0,0,10868,1.05,0,1.05,1786727015759,No,--,--,110*30*30,29,30,Yes,On Sale
New Tube Lip Rich Lip Color Slightly Spicy Lip Honey Lip Glass Mirror Face Lip Mirror Liquid Lipstick,https://cf.cjdropshipping.com/acacebab-b4fe-48a6-9ce0-de562f014aa4.jpg,CJYD182368302BY,2Color,CN,10479,10479,1,10478,0,1,0,0,0,10478,1.05,0,1.05,1786727015759,No,--,--,110*30*30,30,33,Yes,On Sale
New Tube Lip Rich Lip Color Slightly Spicy Lip Honey Lip Glass Mirror Face Lip Mirror Liquid Lipstick,https://cf.cjdropshipping.com/24de94cb-2894-482f-a749-d46e48d4d0b7.jpg,CJYD182368303CX,3Color,CN,11301,11301,4,11297,0,4,0,0,0,11297,1.05,0,1.05,1786727015759,No,--,--,110*30*30,29,30,Yes,On Sale
New Tube Lip Rich Lip Color Slightly Spicy Lip Honey Lip Glass Mirror Face Lip Mirror Liquid Lipstick,https://cf.cjdropshipping.com/1e057545-39d0-4f63-9e80-5be39aa2a75a.jpg,CJYD182368304DW,4Color,CN,14429,14429,0,14429,0,0,0,0,0,14429,1.05,0,1.05,1786727015759,No,--,--,110*30*30,28,30,Yes,On Sale
New Tube Lip Rich Lip Color Slightly Spicy Lip Honey Lip Glass Mirror Face Lip Mirror Liquid Lipstick,https://cf.cjdropshipping.com/6ae52ca0-d3d2-4baa-92ca-6d21514c1295.jpg,CJYD182368305EV,5Color,CN,14048,14048,3,14045,0,3,0,0,0,14045,1.05,0,1.05,1786727015759,No,--,--,110*30*30,30,33,Yes,On Sale
New Tube Lip Rich Lip Color Slightly Spicy Lip Honey Lip Glass Mirror Face Lip Mirror Liquid Lipstick,https://cf.cjdropshipping.com/d4e306de-fd0d-4466-923f-d85c3fa7f206.jpg,CJYD182368306FU,6 Colors,CN,12561,12561,0,12561,0,0,0,0,0,12561,1.05,0,1.05,1786727015759,No,--,--,110*30*30,28,30,Yes,On Sale
New Tube Lip Rich Lip Color Slightly Spicy Lip Honey Lip Glass Mirror Face Lip Mirror Liquid Lipstick,https://oss-cf.cjdropshipping.com/product/2024/02/29/02/43c4bed3-a8af-4b39-9ae3-f0c6eecb63f7.jpg,CJYD182368307GT,1color3pcs,CN,13985,13985,0,13985,0,0,0,0,0,13985,2.58,0,2.58,1786727015759,No,--,--,150*80*80,3,90,Yes,On Sale
New Tube Lip Rich Lip Color Slightly Spicy Lip Honey Lip Glass Mirror Face Lip Mirror Liquid Lipstick,https://oss-cf.cjdropshipping.com/product/2024/02/29/02/b165ecfc-c8ef-4b21-8ece-6da73dc96062.jpg,CJYD182368308HS,1color5pcs,CN,14928,14928,0,14928,0,0,0,0,0,14928,4.11,0,4.11,1786727015759,No,--,--,180*100*100,5,150,Yes,On Sale
New Tube Lip Rich Lip Color Slightly Spicy Lip Honey Lip Glass Mirror Face Lip Mirror Liquid Lipstick,https://oss-cf.cjdropshipping.com/product/2024/02/29/02/48efb1ae-faf1-45e4-a20a-cedf284091c5.jpg,CJYD182368309IR,2Color3pcs,CN,10388,10388,0,10388,0,0,0,0,0,10388,2.58,0,2.58,1786727015759,No,--,--,150*80*80,69,99,Yes,On Sale
New Tube Lip Rich Lip Color Slightly Spicy Lip Honey Lip Glass Mirror Face Lip Mirror Liquid Lipstick,https://oss-cf.cjdropshipping.com/product/2024/02/29/02/282e6c45-fff4-42b2-b696-79acf4d2e28c.jpg,CJYD182368310JQ,2Color5pcs,CN,12615,12615,0,12615,0,0,0,0,0,12615,4.11,0,4.11,1786727015759,No,--,--,180*100*100,135,165,Yes,On Sale
New Tube Lip Rich Lip Color Slightly Spicy Lip Honey Lip Glass Mirror Face Lip Mirror Liquid Lipstick,https://oss-cf.cjdropshipping.com/product/2024/02/29/02/e3cb70f7-7eb6-4263-9de3-37c92f712368.jpg,CJYD182368311KP,4Color3pcs,CN,12737,12737,0,12737,0,0,0,0,0,12737,2.58,0,2.58,1786727015759,No,--,--,150*80*80,3,90,Yes,On Sale
New Tube Lip Rich Lip Color Slightly Spicy Lip Honey Lip Glass Mirror Face Lip Mirror Liquid Lipstick,https://oss-cf.cjdropshipping.com/product/2024/02/29/02/0748bd44-c979-4dd3-b3ec-49bda3d29add.jpg,CJYD182368312LO,4Color5pcs,CN,13658,13658,0,13658,0,0,0,0,0,13658,4.11,0,4.11,1786727015759,No,--,--,180*100*100,5,150,Yes,On Sale
New Tube Lip Rich Lip Color Slightly Spicy Lip Honey Lip Glass Mirror Face Lip Mirror Liquid Lipstick,https://oss-cf.cjdropshipping.com/product/2024/02/29/02/55032e8f-92ce-415f-8125-61651cde7fe8.jpg,CJYD182368313MN,5Color3pcs,CN,11906,11906,0,11906,0,0,0,0,0,11906,2.58,0,2.58,1786727015759,No,--,--,150*80*80,69,99,Yes,On Sale
New Tube Lip Rich Lip Color Slightly Spicy Lip Honey Lip Glass Mirror Face Lip Mirror Liquid Lipstick,https://oss-cf.cjdropshipping.com/product/2024/02/29/02/66a8b441-9d9c-4f81-9009-3068eaecb31f.jpg,CJYD182368314NM,5Color5pcs,CN,14497,14497,0,14497,0,0,0,0,0,14497,4.11,0,4.11,1786727015759,No,--,--,180*100*100,135,165,Yes,On Sale
New Tube Lip Rich Lip Color Slightly Spicy Lip Honey Lip Glass Mirror Face Lip Mirror Liquid Lipstick,https://oss-cf.cjdropshipping.com/product/2024/02/29/02/6a29aa8f-04b0-4131-9d17-6d6da111d83c.jpg,CJYD182368315OL,6Colors3pcs,CN,12215,12215,0,12215,0,0,0,0,0,12215,2.58,0,2.58,1786727015759,No,--,--,150*80*80,3,90,Yes,On Sale
New Tube Lip Rich Lip Color Slightly Spicy Lip Honey Lip Glass Mirror Face Lip Mirror Liquid Lipstick,https://oss-cf.cjdropshipping.com/product/2024/02/29/02/a5852008-35e9-4150-ae26-842ad30e8048.jpg,CJYD182368316PK,6Colors5pcs,CN,12063,12063,0,12063,0,0,0,0,0,12063,4.11,0,4.11,1786727015759,No,--,--,180*100*100,5,150,Yes,On Sale
New Tube Lip Rich Lip Color Slightly Spicy Lip Honey Lip Glass Mirror Face Lip Mirror Liquid Lipstick,https://oss-cf.cjdropshipping.com/product/2024/06/07/09/99e4ce90-4775-487e-b817-73ad9cd1ffb0.jpg,CJYD182368317QJ,Set,CN,11728,11728,0,11728,0,0,0,0,0,11728,3.15,0,3.15,1786727015759,No,--,--,180*100*100,63,93,Yes,On Sale
New Tube Lip Rich Lip Color Slightly Spicy Lip Honey Lip Glass Mirror Face Lip Mirror Liquid Lipstick,https://oss-cf.cjdropshipping.com/product/2024/06/07/09/a4b2ded2-bbde-4f22-ac02-e41d1105b199.jpg,CJYD182368318RI,Set1,CN,11278,11278,0,11278,0,0,0,0,0,11278,3.15,0,3.15,1786727015759,No,--,--,180*100*100,60,90,Yes,On Sale
New Tube Lip Rich Lip Color Slightly Spicy Lip Honey Lip Glass Mirror Face Lip Mirror Liquid Lipstick,https://oss-cf.cjdropshipping.com/product/2024/06/07/09/e5247886-be2b-4734-8def-137642b8e296.jpg,CJYD182368319SH,Set2,CN,14641,14641,0,14641,0,0,0,0,0,14641,3.15,0,3.15,1786727015759,No,--,--,180*100*100,63,93,Yes,On Sale
New Tube Lip Rich Lip Color Slightly Spicy Lip Honey Lip Glass Mirror Face Lip Mirror Liquid Lipstick,https://oss-cf.cjdropshipping.com/product/2024/06/07/09/28fb422f-b937-4d13-9614-473ca4ce15c3.jpg,CJYD182368320TG,Set3,CN,11847,11847,0,11847,0,0,0,0,0,11847,3.15,0,3.15,1786727015759,No,--,--,180*100*100,63,93,Yes,On Sale
New Tube Lip Rich Lip Color Slightly Spicy Lip Honey Lip Glass Mirror Face Lip Mirror Liquid Lipstick,https://oss-cf.cjdropshipping.com/product/2024/06/07/09/0d1e33e9-cbdd-43cd-ba64-27dd2b03becf.jpg,CJYD182368321UF,Set4,CN,13038,13038,0,13038,0,0,0,0,0,13038,3.15,0,3.15,1786727015759,No,--,--,180*100*100,66,96,Yes,On Sale
New Tube Lip Rich Lip Color Slightly Spicy Lip Honey Lip Glass Mirror Face Lip Mirror Liquid Lipstick,https://oss-cf.cjdropshipping.com/product/2024/06/07/09/112e1322-e07f-4d94-94f1-6ec0166fe380.jpg,CJYD182368322VE,Set5,CN,13669,13669,0,13669,0,0,0,0,0,13669,3.15,0,3.15,1786727015759,No,--,--,180*100*100,63,93,Yes,On Sale
New Tube Lip Rich Lip Color Slightly Spicy Lip Honey Lip Glass Mirror Face Lip Mirror Liquid Lipstick,https://oss-cf.cjdropshipping.com/product/2024/06/07/09/e5b5678d-3a0a-4785-827a-d1f7037beeb1.jpg,CJYD182368323WD,Set6,CN,12414,12414,0,12414,0,0,0,0,0,12414,3.15,0,3.15,1786727015759,No,--,--,180*100*100,63,93,Yes,On Sale
New Tube Lip Rich Lip Color Slightly Spicy Lip Honey Lip Glass Mirror Face Lip Mirror Liquid Lipstick,https://oss-cf.cjdropshipping.com/product/2024/06/07/09/7d45f9f1-bcfa-47ae-a3bc-a4f1a97a1c78.jpg,CJYD182368324XC,Set7,CN,11489,11489,0,11489,0,0,0,0,0,11489,3.15,0,3.15,1786727015759,No,--,--,180*100*100,66,96,Yes,On Sale
New Tube Lip Rich Lip Color Slightly Spicy Lip Honey Lip Glass Mirror Face Lip Mirror Liquid Lipstick,https://oss-cf.cjdropshipping.com/product/2024/06/07/09/ff48e8f1-879d-4af9-b68a-6d0f5001d770.jpg,CJYD182368325YB,Set8,CN,14394,14394,0,14394,0,0,0,0,0,14394,3.15,0,3.15,1786727015759,No,--,--,180*100*100,63,93,Yes,On Sale
New Tube Lip Rich Lip Color Slightly Spicy Lip Honey Lip Glass Mirror Face Lip Mirror Liquid Lipstick,https://oss-cf.cjdropshipping.com/product/2024/06/07/09/c8368c11-87fa-4e97-92ec-500ee45dff70.jpg,CJYD182368326ZA,Set9,CN,13777,13777,0,13777,0,0,0,0,0,13777,3.15,0,3.15,1786727015759,No,--,--,180*100*100,63,93,Yes,On Sale
New Tube Lip Rich Lip Color Slightly Spicy Lip Honey Lip Glass Mirror Face Lip Mirror Liquid Lipstick,https://oss-cf.cjdropshipping.com/product/2024/06/12/11/f17d0678-a5b9-4b42-9847-f6733180167b.jpg,CJYD182368327AZ,1 3 6color,CN,10560,10560,0,10560,0,0,0,0,0,10560,3.15,0,3.15,1786727015759,No,--,--,180*100*100,60,90,Yes,On Sale
New Tube Lip Rich Lip Color Slightly Spicy Lip Honey Lip Glass Mirror Face Lip Mirror Liquid Lipstick,https://oss-cf.cjdropshipping.com/product/2024/06/12/11/14fa1287-17b4-4d7d-a72a-ca06cd1cb462.jpg,CJYD182368328BY,1 4 5color,CN,12533,12533,0,12533,0,0,0,0,0,12533,3.15,0,3.15,1786727015759,No,--,--,180*100*100,63,93,Yes,On Sale
New Tube Lip Rich Lip Color Slightly Spicy Lip Honey Lip Glass Mirror Face Lip Mirror Liquid Lipstick,https://oss-cf.cjdropshipping.com/product/2024/06/12/11/b751ad36-c660-4f3d-94a3-777c13925b69.jpg,CJYD182368329CX,1 4 6color,CN,10609,10609,0,10609,0,0,0,0,0,10609,3.15,0,3.15,1786727015759,No,--,--,180*100*100,60,90,Yes,On Sale
New Tube Lip Rich Lip Color Slightly Spicy Lip Honey Lip Glass Mirror Face Lip Mirror Liquid Lipstick,https://oss-cf.cjdropshipping.com/product/2024/06/12/11/abbfa1d1-e5e2-491f-bc73-ed47729837fb.jpg,CJYD182368330DW,1 5 6color,CN,11910,11910,0,11910,0,0,0,0,0,11910,3.15,0,3.15,1786727015759,No,--,--,180*100*100,63,93,Yes,On Sale
New Tube Lip Rich Lip Color Slightly Spicy Lip Honey Lip Glass Mirror Face Lip Mirror Liquid Lipstick,https://oss-cf.cjdropshipping.com/product/2024/06/12/11/613010c8-2e2c-46f2-81da-8773df52fcda.jpg,CJYD182368331EV,1 3 5color,CN,10538,10538,0,10538,0,0,0,0,0,10538,3.15,0,3.15,1786727015759,No,--,--,180*100*100,63,93,Yes,On Sale
New Tube Lip Rich Lip Color Slightly Spicy Lip Honey Lip Glass Mirror Face Lip Mirror Liquid Lipstick,https://oss-cf.cjdropshipping.com/product/2024/06/13/08/5ac5b12c-be21-4c7f-b2fb-3d03d0ec58f7.jpg,CJYD182368332FU,Set10,CN,13654,13654,0,13654,0,0,0,0,0,13654,3.15,0,3.15,1786727015759,No,--,--,180*100*100,63,93,Yes,On Sale
New Tube Lip Rich Lip Color Slightly Spicy Lip Honey Lip Glass Mirror Face Lip Mirror Liquid Lipstick,https://oss-cf.cjdropshipping.com/product/2024/06/13/08/4e68e145-0d29-4ed9-bf65-12124c0d845f.jpg,CJYD182368333GT,Set11,CN,12816,12816,0,12816,0,0,0,0,0,12816,3.15,0,3.15,1786727015759,No,--,--,180*100*100,60,90,Yes,On Sale
New Tube Lip Rich Lip Color Slightly Spicy Lip Honey Lip Glass Mirror Face Lip Mirror Liquid Lipstick,https://oss-cf.cjdropshipping.com/product/2024/06/13/08/f0079f5f-05f5-4d45-b8dc-520872651928.jpg,CJYD182368334HS,Set12,CN,14003,14003,0,14003,0,0,0,0,0,14003,3.15,0,3.15,1786727015759,No,--,--,180*100*100,66,96,Yes,On Sale
New Tube Lip Rich Lip Color Slightly Spicy Lip Honey Lip Glass Mirror Face Lip Mirror Liquid Lipstick,https://oss-cf.cjdropshipping.com/product/2024/06/21/01/2d15f3e6-8bbc-4159-a567-b0338774d8a0.jpg,CJYD182368335IR,Set13,CN,10981,10981,0,10981,0,0,0,0,0,10981,3.15,0,3.15,1786727015759,No,--,--,180*100*100,66,96,Yes,On Sale
New Tube Lip Rich Lip Color Slightly Spicy Lip Honey Lip Glass Mirror Face Lip Mirror Liquid Lipstick,https://oss-cf.cjdropshipping.com/product/2024/06/24/09/fd6a24af-14c3-439c-a8bb-f84275fd1bcb.jpg,CJYD182368336JQ,Set15,CN,10202,10202,0,10202,0,0,0,0,0,10202,3.15,0,3.15,1786727015759,No,--,--,180*100*100,63,93,Yes,On Sale
New Tube Lip Rich Lip Color Slightly Spicy Lip Honey Lip Glass Mirror Face Lip Mirror Liquid Lipstick,https://oss-cf.cjdropshipping.com/product/2024/06/24/09/4ab6632f-ade7-40e8-9287-a720a933155d.jpg,CJYD182368337KP,Set14,CN,12725,12725,0,12725,0,0,0,0,0,12725,3.15,0,3.15,1786727015759,No,--,--,180*100*100,63,93,Yes,On Sale
New Tube Lip Rich Lip Color Slightly Spicy Lip Honey Lip Glass Mirror Face Lip Mirror Liquid Lipstick,https://oss-cf.cjdropshipping.com/product/2024/07/02/05/a590dc3b-5fe8-407b-b341-ddd121b8c431.jpg,CJYD182368338LO,Set16,CN,10368,10368,0,10368,0,0,0,0,0,10368,3.15,0,3.15,1786727015759,No,--,--,180*100*100,66,96,Yes,On Sale
New Tube Lip Rich Lip Color Slightly Spicy Lip Honey Lip Glass Mirror Face Lip Mirror Liquid Lipstick,https://oss-cf.cjdropshipping.com/product/2024/07/02/05/c3844534-e5f2-4c61-a0bd-82fa74d8738e.jpg,CJYD182368339MN,Set17,CN,11120,11120,0,11120,0,0,0,0,0,11120,3.15,0,3.15,1786727015759,No,--,--,180*100*100,63,93,Yes,On Sale
High-light brightening repair paste,https://cf.cjdropshipping.com/15727968/4444240610498.jpg,CJBJHZCZ00252-Bronze,Bronze,CN,10382,10382,0,10382,0,0,0,0,0,10382,2.47,0,2.47,1786727946701,No,--,--,51*51*14,20,39,Yes,On Sale
High-light brightening repair paste,https://cf.cjdropshipping.com/203004/62732931841783.jpg,CJBJHZCZ00252-Cream,Cream,CN,13630,13630,0,13630,0,0,0,0,0,13630,2.47,0,2.47,1786727946701,No,--,--,51*51*14,19,39,Yes,On Sale
High-light brightening repair paste,https://cf.cjdropshipping.com/203004/1699508248167.jpg,CJBJHZCZ00252-Amber,Amber,CN,12093,12093,0,12093,0,0,0,0,0,12093,2.47,0,2.47,1786727946701,No,--,--,51*51*14,23,39,Yes,On Sale
High-light brightening repair paste,https://cf.cjdropshipping.com/203004/285035288014.jpg,CJBJHZCZ00252-Undress,Undress,CN,14947,14947,0,14947,0,0,0,0,0,14947,2.47,0,2.47,1786727946701,No,--,--,51*51*14,23,39,Yes,On Sale
High-light brightening repair paste,https://cf.cjdropshipping.com/15727968/32849635747444.jpg,CJBJHZCZ00252-Lunaris,Lunaris,CN,13028,13028,0,13028,0,0,0,0,0,13028,2.47,0,2.47,1786727946701,No,--,--,51*51*14,53,58,Yes,On Sale
High-light brightening repair paste,https://cf.cjdropshipping.com/15727968/667897840610.jpg,CJBJHZCZ00252-Solaris,Solaris,CN,10981,10981,0,10981,0,0,0,0,0,10981,2.47,0,2.47,1786727946701,No,--,--,51*51*14,23,39,Yes,On Sale
High-light brightening repair paste,https://cf.cjdropshipping.com/15727968/11473172257.jpg,CJBJHZCZ00252-Twinkle,Twinkle,CN,12602,12602,30,12572,0,30,0,0,0,12572,2.47,0,2.47,1786727946701,No,--,--,51*51*14,19,56,Yes,On Sale
High-light brightening repair paste,https://cf.cjdropshipping.com/203004/21449706578481.jpg,CJBJHZCZ00252-Copper,Copper,CN,11703,11703,0,11703,0,0,0,0,0,11703,2.47,0,2.47,1786727946701,No,--,--,51*51*14,20,39,Yes,On Sale
"Color Lip Balm Gently Nourishes, Moisturizes And Soothes",https://oss-cf.cjdropshipping.com/product/2024/06/20/03/434036c9-e332-4caa-8b26-afe35a600730.jpg,CJKH206444701AZ,Pink,CN,12588,12588,0,12588,0,0,0,0,0,12588,1.09,0,1.09,1786726922344,No,--,--,24*24*105,23,43,Yes,On Sale
"Color Lip Balm Gently Nourishes, Moisturizes And Soothes",https://oss-cf.cjdropshipping.com/product/2024/06/20/03/7ede40fe-35d8-46b7-98b7-ccfcd6f722b7.jpg,CJKH206444702BY,Rose Red,CN,12086,12086,0,12086,0,0,0,0,0,12086,1.09,0,1.09,1786726922344,No,--,--,24*24*105,23,43,Yes,On Sale
"Color Lip Balm Gently Nourishes, Moisturizes And Soothes",https://oss-cf.cjdropshipping.com/product/2024/06/20/03/ba122462-ff9f-4e6c-b431-bdf9ec51ec31.jpg,CJKH206444703CX,Dark Purple,CN,14686,14686,0,14686,0,0,0,0,0,14686,1.09,0,1.09,1786726922344,No,--,--,24*24*105,23,43,Yes,On Sale
"Color Lip Balm Gently Nourishes, Moisturizes And Soothes",https://oss-cf.cjdropshipping.com/product/2024/06/20/03/e12a4ec5-6179-41cf-9b7c-1962a1381b52.jpg,CJKH206444704DW,Brown,CN,10342,10342,0,10342,0,0,0,0,0,10342,1.09,0,1.09,1786726922344,No,--,--,24*24*105,23,43,Yes,On Sale
"Color Lip Balm Gently Nourishes, Moisturizes And Soothes",https://oss-cf.cjdropshipping.com/product/2024/06/20/03/030b1533-8432-4235-8699-875a85516b5e.jpg,CJKH206444705EV,Red,CN,13487,13487,0,13487,0,0,0,0,0,13487,1.09,0,1.09,1786726922344,No,--,--,24*24*105,23,43,Yes,On Sale
"Color Lip Balm Gently Nourishes, Moisturizes And Soothes",https://oss-cf.cjdropshipping.com/product/2024/06/20/03/98f3e8db-0be8-4180-a32e-ce3128a2f216.jpg,CJKH206444706FU,Beige,CN,14788,14788,0,14788,0,0,0,0,0,14788,1.09,0,1.09,1786726922344,No,--,--,24*24*105,23,43,Yes,On Sale
"OUHOE Long-lasting Finishing Compact - Flawless, Long-wearing, Non-transferable, Easy To Touch-up, Natural, Lightweight, And Breathable Setting Powder",https://cf.cjdropshipping.com/edcd4ea5-692f-45c2-bdcb-dd7c1f0aea65.jpg,CJCZ212980001AZ,01CLASSIC IVORY,US,484,484,0,484,0,0,0,0,484,0,9.990,0,9.99,1786728079368,No,--,--,90*90*40,60,60,No,On Sale
"OUHOE Long-lasting Finishing Compact - Flawless, Long-wearing, Non-transferable, Easy To Touch-up, Natural, Lightweight, And Breathable Setting Powder",https://cf.cjdropshipping.com/47b058f4-0a91-4524-bc22-15cdffdc569f.jpg,CJCZ212980002BY,02NATURAL BEIGE,US,351,351,0,351,0,0,0,0,351,0,9.990,0,9.99,1786728079368,No,--,--,90*90*40,60,60,No,On Sale
EELHOE Quad Wild Water Eyebrow Pencil Shape Eyebrow Waterproof Sweatproof Fill-in Eyebrow Natural Volume Multi-Color,https://cf.cjdropshipping.com/beb12d04-ac33-4ab7-aaeb-51382e701b0b.jpg,CJCZ212794501AZ,1pcs,US,149,149,0,149,0,0,0,0,149,0,9.990,0,9.99,1786728018792,No,--,--,120*18*18,18,18,No,On Sale
EELHOE Quad Wild Water Eyebrow Pencil Shape Eyebrow Waterproof Sweatproof Fill-in Eyebrow Natural Volume Multi-Color,https://cf.cjdropshipping.com/beb12d04-ac33-4ab7-aaeb-51382e701b0b.jpg,CJCZ212794502BY,2pcs,US,100,100,0,100,0,0,0,0,100,0,13.980,0,13.98,1786728018792,No,--,--,120*18*18,18,18,No,On Sale
PHOFAY Triangular Eyebrow Pencil,https://cf.cjdropshipping.com/0a8b6687-2778-4e06-82d3-e9afe4d3198d.jpg,CJCZ207112305EV,1PCS/Set,CN,12871,12871,0,12871,0,0,0,0,0,12871,7.200,0,7.20,1786728013657,No,--,--,1*1*1,60,60,Yes,On Sale
PHOFAY Triangular Eyebrow Pencil,https://cf.cjdropshipping.com/17309376/1854335132836827136.jpg,CJCZ207112301AZ,1PCS/01,CN,12110,12110,302,11808,0,302,0,0,0,11808,1.800,0,1.80,1786728013657,No,--,--,1*1*1,15,15,Yes,On Sale
PHOFAY Triangular Eyebrow Pencil,https://cf.cjdropshipping.com/17309376/1854335131360432128.jpg,CJCZ207112302BY,1PCS/02,CN,11629,11629,309,11320,0,309,0,0,0,11320,1.800,0,1.80,1786728013657,No,--,--,1*1*1,15,15,Yes,On Sale
PHOFAY Triangular Eyebrow Pencil,https://cf.cjdropshipping.com/17309376/1854335130429296640.jpg,CJCZ207112303CX,1PCS/03,CN,10318,10318,303,10015,0,303,0,0,0,10015,1.800,0,1.80,1786728013657,No,--,--,1*1*1,15,15,Yes,On Sale
PHOFAY Triangular Eyebrow Pencil,https://cf.cjdropshipping.com/17309376/1854335133742796800.jpg,CJCZ207112304DW,1PCS/04,CN,13435,13435,309,13126,0,309,0,0,0,13126,1.800,0,1.80,1786728013657,No,--,--,1*1*1,15,15,Yes,On Sale
PHOFAY Juicy Lip Plump Set,https://cf.cjdropshipping.com/26abaa96-c354-401e-b9f5-38df4853ba0b.png,CJCZ218515509IR,01and02and04Set,CN,10020,10020,0,10020,0,0,0,0,0,10020,7.620,0,7.62,1786727857587,No,--,--,120*30*60,50,50,Yes,On Sale
PHOFAY Juicy Lip Plump Set,https://cf.cjdropshipping.com/9071300f-dc7d-4ac3-a350-143ffbd682bc.png,CJCZ218515510JQ,01and05and06Set,CN,13556,13556,0,13556,0,0,0,0,0,13556,7.620,0,7.62,1786727857587,No,--,--,120*30*60,50,50,Yes,On Sale
PHOFAY Juicy Lip Plump Set,https://cf.cjdropshipping.com/17309376/1854360747455549440.jpg,CJCZ218515501AZ,01 02 03 Set,CN,14043,14043,0,14043,0,0,0,0,0,14043,7.620,0,7.62,1786727857587,No,--,--,120*30*60,75,75,Yes,On Sale
PHOFAY Juicy Lip Plump Set,https://cf.cjdropshipping.com/17309376/1854360739431845888.jpg,CJCZ218515502BY,02 03 04 Set,CN,11839,11839,0,11839,0,0,0,0,0,11839,7.620,0,7.62,1786727857587,No,--,--,120*30*60,75,75,Yes,On Sale
PHOFAY Juicy Lip Plump Set,https://cf.cjdropshipping.com/17309376/1854360740560113664.jpg,CJCZ218515503CX,05 06 07 Set,CN,11134,11134,338,10796,0,338,0,0,0,10796,7.620,0,7.62,1786727857587,No,--,--,120*30*60,75,75,Yes,On Sale
PHOFAY Juicy Lip Plump Set,https://cf.cjdropshipping.com/17309376/1854360738072891392.jpg,CJCZ218515504DW,06 07 08 Set,CN,11157,11157,338,10819,0,338,0,0,0,10819,7.620,0,7.62,1786727857587,No,--,--,120*30*60,75,75,Yes,On Sale
PHOFAY Juicy Lip Plump Set,https://cf.cjdropshipping.com/17309376/1854360744465010688.jpg,CJCZ218515505EV,07 08 Set,CN,12907,12907,344,12563,0,344,0,0,0,12563,5.080,0,5.08,1786727857587,No,--,--,120*30*60,50,50,Yes,On Sale
PHOFAY Juicy Lip Plump Set,https://cf.cjdropshipping.com/17309376/1854360746474082304.jpg,CJCZ218515506FU,01 02 Set,CN,14179,14179,0,14179,0,0,0,0,0,14179,5.080,0,5.08,1786727857587,No,--,--,120*30*60,50,50,Yes,On Sale
PHOFAY Juicy Lip Plump Set,https://cf.cjdropshipping.com/17309376/1854360742728568832.jpg,CJCZ218515507GT,03 04 Set,CN,11842,11842,0,11842,0,0,0,0,0,11842,5.080,0,5.08,1786727857587,No,--,--,120*30*60,50,50,Yes,On Sale
PHOFAY Juicy Lip Plump Set,https://cf.cjdropshipping.com/17309376/1854360741554163712.jpg,CJCZ218515508HS,05 06 Set,CN,13302,13302,0,13302,0,0,0,0,0,13302,5.080,0,5.08,1786727857587,No,--,--,120*30*60,50,50,Yes,On Sale
Soft Mist Silky Three-dimensional Matte Finish Lip Liner,https://oss-cf.cjdropshipping.com/product/2024/06/14/06/c48c5d18-fd6c-40e2-87a7-7145077baeb0_trans.jpeg,CJYD206032501AZ,Standard Specifications/1 Positive Red,CN,11130,11130,0,11130,0,0,0,0,0,11130,0.23,0,0.23,1786726662103,No,--,--,120*30*20,10,30,Yes,On Sale
Soft Mist Silky Three-dimensional Matte Finish Lip Liner,https://oss-cf.cjdropshipping.com/product/2024/06/14/06/e845e94f-3826-4417-8808-269d98c37a3c_trans.jpeg,CJYD206032502BY,Standard Specifications/2 Grapefruit Colors,CN,11714,11714,0,11714,0,0,0,0,0,11714,0.23,0,0.23,1786726662103,No,--,--,120*30*20,10,30,Yes,On Sale
Soft Mist Silky Three-dimensional Matte Finish Lip Liner,https://oss-cf.cjdropshipping.com/product/2024/06/14/06/5d2ee0a5-d8a2-4773-b54f-6b8013f5f54d_trans.jpeg,CJYD206032503CX,Standard Specifications/3 Apple Red,CN,10032,10032,0,10032,0,0,0,0,0,10032,0.23,0,0.23,1786726662103,No,--,--,120*30*20,20,30,Yes,On Sale
Soft Mist Silky Three-dimensional Matte Finish Lip Liner,https://oss-cf.cjdropshipping.com/product/2024/06/14/06/679b2c5c-b907-4a72-9a99-656161877918_trans.jpeg,CJYD206032504DW,Standard Specifications/4 Caramel Mocha,CN,11341,11341,0,11341,0,0,0,0,0,11341,0.23,0,0.23,1786726662103,No,--,--,120*30*20,20,30,Yes,On Sale
PHOFAY Mirror Moisturizing Lip Gloss,https://cf.cjdropshipping.com/8a9cce64-f194-4c52-8fb8-096658357da2.jpg,CJKH213085009IR,Set,CN,10940,10940,0,10940,0,0,0,0,0,10940,17.120,0,17.12,1786726993161,No,--,--,150*40*80,464,464,Yes,On Sale
PHOFAY Mirror Moisturizing Lip Gloss,https://cf.cjdropshipping.com/17411328/1897155609963532288.jpg,CJKH213085001AZ,Colour number one,CN,12057,12057,286,11771,0,286,0,0,0,11771,2.140,0,2.14,1786726993161,No,--,--,150*40*40,58,58,Yes,On Sale
PHOFAY Mirror Moisturizing Lip Gloss,https://cf.cjdropshipping.com/17411328/1897155608784932864.jpg,CJKH213085002BY,Secondary colour,CN,11130,11130,274,10856,0,274,0,0,0,10856,2.140,0,2.14,1786726993161,No,--,--,150*40*40,58,58,Yes,On Sale
PHOFAY Mirror Moisturizing Lip Gloss,https://cf.cjdropshipping.com/17411328/1897155613218312192.jpg,CJKH213085003CX,Third colour,CN,14745,14745,294,14451,0,294,0,0,0,14451,2.140,0,2.14,1786726993161,No,--,--,150*40*40,58,58,Yes,On Sale
PHOFAY Mirror Moisturizing Lip Gloss,https://cf.cjdropshipping.com/17411328/1897155611754500096.jpg,CJKH213085004DW,Color IV,CN,10814,10814,282,10532,0,282,0,0,0,10532,2.140,0,2.14,1786726993161,No,--,--,150*40*40,47,58,Yes,On Sale
PHOFAY Mirror Moisturizing Lip Gloss,https://cf.cjdropshipping.com/17411328/1897155610726895616.jpg,CJKH213085005EV,Fifth colour,CN,13404,13404,295,13109,0,295,0,0,0,13109,2.140,0,2.14,1786726993161,No,--,--,150*40*40,58,58,Yes,On Sale
PHOFAY Mirror Moisturizing Lip Gloss,https://cf.cjdropshipping.com/17411328/1897155618670907392.jpg,CJKH213085006FU,Colour six,CN,14683,14683,292,14391,0,292,0,0,0,14391,2.140,0,2.14,1786726993161,No,--,--,150*40*40,58,58,Yes,On Sale
PHOFAY Mirror Moisturizing Lip Gloss,https://cf.cjdropshipping.com/17411328/1897155615969775616.jpg,CJKH213085007GT,Colour number seven,CN,14236,14236,288,13948,0,288,0,0,0,13948,2.140,0,2.14,1786726993161,No,--,--,150*40*40,58,58,Yes,On Sale
PHOFAY Mirror Moisturizing Lip Gloss,https://cf.cjdropshipping.com/17411328/1897155614975725568.jpg,CJKH213085008HS,Eight colour,CN,11620,11620,294,11326,0,294,0,0,0,11326,2.140,0,2.14,1786726993161,No,--,--,150*40*40,47,58,Yes,On Sale
Hot Spring Mineral Cleansing Water Mild And Non-irritating Deep Cleansing Eye And Lip Makeup Remover,https://oss-cf.cjdropshipping.com/product/2024/06/13/05/7ac61cb4-eaa0-45d6-853b-92790a7778df_trans.jpeg,CJYD205937201AZ,300ML,CN,14647,14647,0,14647,0,0,0,0,0,14647,0.69,0,0.69,1786727982858,No,--,--,200*120*120,350,370,Yes,On Sale
PHOERA Light And Brightening Blush Cream,https://cf.cjdropshipping.com/038a9092-0181-442d-adea-19d87cc2d24d.jpg,CJJT135485401AZ,101Freesia,CN,47655,47655,21,47634,0,21,0,0,0,47634,1.65,0,1.65,1786728120498,No,--,--,200*100*50,25,45,Yes,On Sale
PHOERA Light And Brightening Blush Cream,https://cf.cjdropshipping.com/d0266b31-077a-4d62-a493-5d13b587c21e.jpg,CJJT135485402BY,102Peach,CN,38817,38817,0,38817,0,0,0,0,0,38817,1.65,0,1.65,1786728120498,No,--,--,200*100*50,27,45,Yes,On Sale
PHOERA Light And Brightening Blush Cream,https://cf.cjdropshipping.com/2984a644-5afa-40d8-9852-514a0fdd6db3.jpg,CJJT135485403CX,103Strawberry,CN,45665,45665,2,45663,0,2,0,0,0,45663,1.65,0,1.65,1786728120498,No,--,--,200*100*50,25,45,Yes,On Sale
PHOERA Light And Brightening Blush Cream,https://cf.cjdropshipping.com/58b08bb0-37ff-4573-ba5e-66eddde202ce.jpg,CJJT135485404DW,104Sunflower,CN,43134,43134,0,43134,0,0,0,0,0,43134,1.65,0,1.65,1786728120498,No,--,--,200*100*50,25,45,Yes,On Sale
PHOERA Light And Brightening Blush Cream,https://cf.cjdropshipping.com/203f4375-0d86-475d-a208-b8b7d3158edf.jpg,CJJT135485405EV,105Dusk,CN,42201,42201,0,42201,0,0,0,0,0,42201,1.65,0,1.65,1786728120498,No,--,--,200*100*50,26,45,Yes,On Sale
PHOERA Light And Brightening Blush Cream,https://cf.cjdropshipping.com/3c2c9ec6-94ae-4c77-9233-67828dadec19.jpg,CJJT135485406FU,106Sunset,CN,44451,44451,8,44443,0,8,0,0,0,44443,1.65,0,1.65,1786728120498,No,--,--,200*100*50,26,45,Yes,On Sale
PHOERA Light And Brightening Blush Cream,https://cf.cjdropshipping.com/043d8425-b85e-4272-a81b-3e4570995923.jpg,CJJT135485407GT,107Grape,CN,45407,45407,27,45380,0,27,0,0,0,45380,1.65,0,1.65,1786728120498,No,--,--,200*100*50,25,45,Yes,On Sale
PHOERA Light And Brightening Blush Cream,https://cf.cjdropshipping.com/37411201-43c9-4186-bd30-369101c951d4.jpg,CJJT135485408HS,108Berry,CN,47277,47277,0,47277,0,0,0,0,0,47277,1.65,0,1.65,1786728120498,No,--,--,200*100*50,26,45,Yes,On Sale
PHOERA Light And Brightening Blush Cream,https://cf.cjdropshipping.com/3f0ee310-9040-473c-8797-05e3e1b32508.png,CJJT135485409IR,1set,CN,13336,13336,0,13336,0,0,0,0,0,13336,3.81,0,3.81,1786728120498,No,--,--,200*100*150,89,119,Yes,On Sale
PHOERA Light And Brightening Blush Cream,https://cf.cjdropshipping.com/214197e5-fdd1-47a0-9c9b-a8243ee9ad6f.png,CJJT135485410JQ,2set,CN,10953,10953,0,10953,0,0,0,0,0,10953,3.81,0,3.81,1786728120498,No,--,--,200*100*150,88,118,Yes,On Sale
PHOERA Light And Brightening Blush Cream,https://cf.cjdropshipping.com/29eb1ca7-7bef-4e40-a07a-2456efff08fb.png,CJJT135485411KP,3set,CN,13791,13791,0,13791,0,0,0,0,0,13791,3.81,0,3.81,1786728120498,No,--,--,200*100*150,87,117,Yes,On Sale
PHOERA Light And Brightening Blush Cream,https://cf.cjdropshipping.com/8f2ea660-fb7e-4538-815b-b3ee7d2c8c07.png,CJJT135485412LO,4set,CN,10213,10213,0,10213,0,0,0,0,0,10213,3.81,0,3.81,1786728120498,No,--,--,200*100*150,88,118,Yes,On Sale